time,tx,ty,tz,rw,rx,ry,rz,rear_wheel_angle,steer_angle,front_wheel_angle,crank_angle,left_pedal_angle,right_pedal_angle
0.0,0.01500498297765892,-3.827937460045634e-07,0.34974849013527304,0.9999999994143417,-1.7800468052993236e-07,-3.4168570543507406e-05,1.947729272049093e-06,-3.782088552861761e-06,6.833525810717515e-05,0.005566773061818421,0.0037671903537413146,-0.003767190353741347,nan
0.01671003717472119,0.06518758920261664,-1.5387639431288675e-06,0.3470559514553428,0.999999922356258,-2.1183170291678033e-07,-0.00039397948183699823,8.221997835081214e-06,-1.5537738457299437e-05,0.0007879122443643033,0.02402287776317412,0.009255994092195715,-0.00925599409219576,nan
0.03342007434944238,0.11542396821766385,-2.5253678365864308e-06,0.3415856593483453,0.9999993710518467,5.649003365909913e-07,-0.0011214697035041357,1.4187889533209307e-05,-2.5971349596081013e-05,0.0022427387419065143,0.0423852273755176,0.010511424105696525,-0.010511424105696547,nan
0.050130111524163565,0.1657144320504965,-3.432020903951905e-06,0.33333140468655836,0.9999975424751805,2.280109723996147e-06,-0.002216894572862021,2.0416999467861828e-05,-3.596862332081399e-05,0.004433260762880415,0.062281956302791264,0.011316588970111906,-0.011316588970111991,nan
0.06684014869888476,0.21606078200816167,-4.291433562310677e-06,0.3222207446857767,0.9999931933919042,5.368332701584428e-06,-0.003689497163891073,2.7417518444894063e-05,-4.6105848610760425e-05,0.0073778969680317105,0.08519429546601472,0.012636394055589103,-0.012636394055589216,nan
0.08355018587360595,0.26646203541188385,-5.072229706557189e-06,0.30833355173663,0.9999847156920674,1.0403816276832448e-05,-0.005528744528495413,3.546765337288492e-05,-5.648652922694207e-05,0.011055536925226117,0.1119210256221591,0.014488072812923823,-0.014488072812923969,nan
0.10026022304832713,0.31111827341212706,-3.0864740080502097e-06,0.2999943558729637,0.9999996838679799,3.8460130180747354e-05,-0.0007921977024798688,5.6635315479865256e-05,-7.394138465164115e-05,0.002389264900195347,0.17218823847548004,0.0391959565252305,-0.0391959565252306,nan
0.11697026022304832,0.3490589249633539,-5.229715933520661e-06,0.30033872991664406,0.9999995377011042,6.197506010689604e-05,0.0009572809142371846,6.610538012114267e-05,-1.0683498738715107e-05,0.07559192001268399,0.25214234309098654,0.049955737001194746,-0.04995573700119474,nan
0.13368029739776952,0.386053301891962,-9.04988529859549e-06,0.3022086882315108,0.9999996975969982,8.282293966232239e-05,0.0007700270048018894,7.074379671244039e-05,6.0329485703644755e-05,0.1777915444244614,0.3348317122463397,0.05249049381139156,-0.052490493811391474,nan
0.1503903345724907,0.4235409082853126,-1.2790014426129326e-05,0.3035533333434979,0.9999998791039658,0.00010263436258573732,0.0004751211471156207,7.428416346661777e-05,0.00010213088299831288,0.28408606803402714,0.4158599334678537,0.052330970573128376,-0.052330970573128195,nan
0.1671003717472119,0.4616516964302409,-1.5800928965425825e-05,0.30436646088593633,0.9999999518989462,0.00012087996873495214,0.0002750219090850718,7.715625620365185e-05,0.00012091291297749021,0.3919730813963845,0.4954309886828784,0.051740711480603704,-0.051740711480603524,nan
0.1838104089219331,0.5003689750930302,-1.7487532738991512e-05,0.30484528796299915,0.9999999759975463,0.00013670548860764218,0.0001516422877079058,7.950555189643332e-05,0.0001249392904103445,0.5013007517180804,0.5744950283158271,0.051437724875066926,-0.051437724875066815,nan
0.20052044609665426,0.5396815890792014,-1.7685444185880884e-05,0.3051145305232538,0.9999999827727404,0.0001498233724128338,7.340665041662897e-05,8.135686733376938e-05,0.00011881637749636321,0.6121333308063781,0.6537331350870454,0.05149738713360324,-0.05149738713360322,nan
0.21723048327137545,0.5795820364426694,-1.6951477794435422e-05,0.3052560323740062,0.9999999832716632,0.0001610441626474492,2.6206078431066417e-05,8.26721990713076e-05,0.00010499406922441454,0.7245106600491764,0.7335595029233055,0.051828123033435355,-0.05182812303343526,nan
0.23394052044609664,0.6200456426100114,-1.5750148507591312e-05,0.30533002795123765,0.9999999819245464,0.00017089838625939345,-1.2642339738652372e-07,8.333446194307712e-05,8.393719336618249e-05,0.8384059028777897,0.8141798349057514,0.05232102432163075,-0.05232102432163057,nan
0.25065055762081784,0.6610680314611019,-1.4181061555809182e-05,0.30536925756162714,0.9999999803500701,0.00017932499098129005,-1.4611326278699923e-05,8.324011157940969e-05,5.6312349187149775e-05,0.9538359198165225,0.8957287398121869,0.052908114048820516,-0.05290811404882043,nan
0.26736059479553903,0.7026423813553325,-1.220477258185249e-05,0.3053905447555722,0.9999999790495958,0.00018604730523365286,-2.2627034385411008e-05,8.231175956586e-05,2.3111941446039402e-05,1.070798353099522,0.9782811430860051,0.0535466825462966,-0.053546682546296645,nan
0.2840706319702602,0.7447479027804128,-9.732920704354033e-06,0.3054024603947845,0.9999999781673367,0.00019089008841258228,-2.7080914248225823e-05,8.057868633498083e-05,-1.317430419283678e-05,1.1892438163492363,1.0618490073345297,0.0542102947132755,-0.054210294713275674,nan
0.3007806691449814,0.7873817981837292,-6.660831162546053e-06,0.3054091572362199,0.999999977775561,0.00019360790633419638,-2.9444068731262308e-05,7.808907119467177e-05,-5.048588309701941e-05,1.3091690333495751,1.1464563183743601,0.05488363025138605,-0.054883630251386234,nan
0.3174907063197026,0.8305352100548666,-2.8866971879345716e-06,0.30541295830777254,0.9999999779343386,0.0001938916913310682,-3.058565370733126e-05,7.48455238566911e-05,-8.822156322051726e-05,1.4305518289673291,1.2321031417590944,0.05555727178876633,-0.05555727178876652,nan
0.3342007434944238,0.8741897498825262,1.673102668836647e-06,0.3054151598566307,0.9999999786785487,0.00019147148166833312,-3.102032509513861e-05,7.08471137091888e-05,-0.0001262740083964414,1.5533421067989681,1.3187626803735375,0.056225828823899385,-0.05622582882389951,nan
0.350910780669145,0.9183439148609316,7.1230469981125265e-06,0.30541644101623194,0.9999999800392858,0.00018599611995519827,-3.1032172608540244e-05,6.605963759327237e-05,-0.0001646354345112664,1.6775365441168988,1.4064379008358565,0.05688611426762087,-0.05688611426762097,nan
0.3676208178438662,0.9629870575538374,1.3542392900635183e-05,0.30541720390669996,0.9999999819965179,0.00017720353272909027,-3.079921421338326e-05,6.047545251578963e-05,-0.00020302256744518984,1.803105748771862,1.4951107525297263,0.05753640778075866,-0.05753640778075872,nan
0.3843308550185874,1.0081029852635912,2.0976199224459064e-05,0.305417675882246,0.9999999844706687,0.00016493519843928213,-3.0427436390854715e-05,5.4122212533794364e-05,-0.00024090235785384725,1.9300044935561318,1.584750217308469,0.0581759018087212,-0.05817590180872122,nan
0.4010408921933085,1.0536913530626606,2.948179574415922e-05,0.3054179787000949,0.9999999873506212,0.00014896277782772426,-2.9976361044662096e-05,4.701346697124292e-05,-0.0002777259955324704,2.058231989174191,1.6753568150073443,0.05880395203138481,-0.05880395203138477,nan
0.4177509293680297,1.0997399542357589,3.9069561005489434e-05,0.30541818584038627,0.9999999904406567,0.00012926849662678265,-2.948343996576213e-05,3.9230971073461695e-05,-0.0003123034970630075,2.187753982336233,1.766906303724931,0.059420468954596274,-0.05942046895459631,nan
0.4344609665427509,1.1462346024564212,4.971520545775622e-05,0.30541833843008426,0.9999999934931934,0.00010592848613950683,-2.897031293046769e-05,3.087863733508587e-05,-0.00034359804829757457,2.318530607912487,1.8593700175284988,0.06002557134390352,-0.06002557134390346,nan
0.4511710037174721,1.1931759855798094,6.140234162057507e-05,0.30541845865713,0.9999999962330138,7.89804440185721e-05,-2.8449228927689978e-05,2.2061351124866224e-05,-0.0003705562782584942,2.4505638158985903,1.952749605678437,0.060619105278399824,-0.06061910527839961,nan
0.4678810408921933,1.240550545572287,7.405685321424685e-05,0.3054185600694896,0.9999999983421777,4.8670858895870245e-05,-2.7927563512618792e-05,1.2916789381396444e-05,-0.00039229770228323726,2.5838154707617167,2.047017427068004,0.06120135322838409,-0.06120135322838391,nan
0.4845910780669145,1.28834592706866,8.758425410078243e-05,0.30541865011899855,0.9999999995004711,1.5324342114133644e-05,-2.7409342025367644e-05,3.5986387578808842e-06,-0.00040797730068803384,2.7182508092565656,2.1421482356272,0.06177258742446872,-0.06177258742446843,nan
0.5013011152416357,1.33656375612767,0.00010188796338282356,0.3054187326343314,0.9999999994070441,-2.07338941465719e-05,-2.68978520735548e-05,-5.702901873448675e-06,-0.00041642553822579927,2.8538743830353592,2.238145363680898,0.062332734054299364,-0.06233273405429907,nan
0.5180111524163569,1.3851893466415472,0.00012010794084669643,0.30541880991467446,0.9999999974096614,-6.517515874846543e-05,-2.6395182672418913e-05,-1.5367830419284335e-05,-0.00042656417907726895,2.9906452983759326,2.334978466120634,0.06288206788947935,-0.06288206788947909,nan
0.5347211895910781,1.4342120448788396,0.00015566675761617078,0.30541888157893216,0.9999999891791588,-0.0001422754125345449,-2.590316205178904e-05,-2.6989173964376093e-05,-0.0004633751069586834,3.128532331694565,2.4326255577859204,0.0634208949102753,-0.06342089491027508,nan
0.5514312267657993,1.4836344664565824,0.00022414153242165892,0.30541894017886734,0.9999999597535759,-0.0002794795093274912,-2.5426671408918185e-05,-4.168374949400678e-05,-0.0005355537243013989,3.2675395174967363,2.5310912958455276,0.06394904468894559,-0.06394904468894537,nan
0.5681412639405204,1.5334408288660635,0.0003385189043729476,0.3054189698977428,0.999999873197629,-0.000499375383062481,-2.4954308550131858e-05,-6.0051938542620084e-05,-0.0006404312875909685,3.407624122994813,2.630343296511169,0.06446698783521583,-0.06446698783521561,nan
0.5848513011152416,1.5836219800605136,0.0005105193562751789,0.3054189369943704,0.9999996588079743,-0.000821621918410898,-2.447491090913144e-05,-8.198985905720482e-05,-0.0007643654739266469,3.5487606538107155,2.730362553932104,0.06497496821036455,-0.06497496821036433,nan
0.6015613382899628,1.6341806781319919,0.0007527616667182334,0.3054187853023065,0.9999991919805802,-0.001266518409603999,-2.3950329176563702e-05,-0.00010675058151358667,-0.0008859183548529678,3.6909570220527845,2.8311554552855793,0.06547309778244355,-0.06547309778244324,nan
0.618271375464684,1.6851000366348794,0.0010728782048940557,0.3054188334727847,0.9999982889680026,-0.0018449532666099835,-2.303082061617183e-05,-0.0001329589882595177,-0.0009833145582412103,3.8341653400709896,2.9326921746479377,0.06596429677436896,-0.06596429677436846,nan
0.6349814126394052,1.7363722652215652,0.0014788794073097601,0.30541959897719423,0.9999966902930888,-0.0025678312013058704,-2.1185179606808648e-05,-0.000158735560453878,-0.0010348176003776048,3.978367870188721,3.034960495572689,0.06644890505046726,-0.06644890505046662,nan
0.6516914498141264,1.7880000146634876,0.0019810109089323466,0.3054215097604016,0.9999940248677976,-0.0034519701741517936,-1.8994073680373836e-05,-0.00018376573269577676,-0.001053847310393059,4.1235939920246345,3.1379708552823695,0.06692544269110194,-0.0669254426911012,nan
0.6684014869888476,1.8399675295577063,0.0025888061312466216,0.30542988824045747,0.9999898044569462,-0.004510843951195581,-1.9164326223653595e-05,-0.0002071273405128931,-0.0010346835529349925,4.269785957603025,3.2416904223169936,0.06739196182857699,-0.06739196182857628,nan
0.6851115241635688,1.8922693776741841,0.0033192837316644926,0.3054466012844992,0.9999833498617552,-0.005766200856049495,-2.1575170750480845e-05,-0.00022463628900611197,-0.0009236355682652843,4.416921807979257,3.346108116758577,0.06785018933049594,-0.06785018933049522,nan
0.70182156133829,1.9449081566979842,0.0041937180966634385,0.305469843095948,0.9999737452829687,-0.007242602469273824,-2.5448520506455453e-05,-0.0002297968613190003,-0.0006504649862405398,4.565002610407222,3.451224717840417,0.06829670706756218,-0.06829670706756148,nan
0.7185315985130112,1.997868046680672,0.005229176809275264,0.30549990200879995,0.9999598823974563,-0.008954700132572598,-2.8061300319156866e-05,-0.0002148342726767713,-0.0001480735716372342,4.713974990299309,3.556986855891089,0.0687270747119085,-0.06872707471190789,nan
0.7352416356877324,2.05114470558673,0.006448313415621288,0.3055340006722518,0.9999403451893981,-0.010921375939633056,-2.982450651862711e-05,-0.00016947150582133076,0.0006628301423935016,4.863823332664174,3.663386683000664,0.06914673032145445,-0.06914673032145394,nan
0.7519516728624536,2.104739199382138,0.007878919249051505,0.30556887384823195,0.9999133630433175,-0.013162789252559388,-3.1539742609741946e-05,-7.994835959411126e-05,0.0018772773951562464,5.014547776594828,3.7704298119232673,0.06955737661794456,-0.06955737661794403,nan
0.7686617100371748,2.158637474814597,0.0095393825821124,0.30560125899648555,0.9998770344541765,-0.015681525631669913,-3.3790799620650625e-05,6.769909009276134e-05,0.0035738806792644023,5.1661070611078665,3.878090201543632,0.06995910857516924,-0.06995910857516882,nan
0.785371747211896,2.2128357060361563,0.01145569247561867,0.305627719919979,0.9998291063704791,-0.018484370108307745,-3.701612849696008e-05,0.0002911115161228254,0.005844321418637957,5.318489003535634,3.9863618359080375,0.07035125829773124,-0.07035125829773096,nan
0.802081784386617,2.267332841837501,0.013658567073909545,0.3056441942555407,0.9997670162267949,-0.021576313002963626,-4.167794092720354e-05,0.0006117557677558197,0.008787594020503331,5.4716908001972815,4.095244418260694,0.07073306556332522,-0.07073306556332516,nan
0.8187918215613382,2.32211548307106,0.01616766643233359,0.3056466154599951,0.9996882604915316,-0.02494552697785412,-4.8277952356654704e-05,0.0010488986853613234,0.012468673619245545,5.62567858228128,4.204712908076903,0.07110435395246358,-0.07110435395246363,nan
0.8355018587360594,2.3771795842436707,0.01901296153808358,0.3056301685424224,0.9995900517140722,-0.028584589841763815,-5.75606685038898e-05,0.0016267835154116057,0.0169661429476435,5.780448051964522,4.3147624011484345,0.07146481052705057,-0.07146481052705056,nan
0.8522118959107806,2.432521417566976,0.022227652394719955,0.30558949467698265,0.9994695154490166,-0.032481598065656765,-7.059487449663673e-05,0.0023724442190813317,0.022353095700287713,5.936001302682179,4.42539015485997,0.07181418628952504,-0.07181418628952523,nan
0.8689219330855018,2.4881273979172756,0.025832880478318748,0.30552002714998777,0.999324101907873,-0.03661134055374586,-8.866753730845307e-05,0.003307752552505723,0.0286582086504508,6.092318752998513,4.5365745394678525,0.07215276400555767,-0.07215276400555803,nan
0.885631970260223,2.543992226352448,0.029863031725144287,0.30541645732783257,0.9991511328789471,-0.04095242325389128,-0.00011365371590129829,0.004460916854593533,0.03592393973996387,6.249412044641145,4.648313505244819,0.07248062603074788,-0.0724806260307483,nan
0.9023420074349442,2.6001086687474046,0.034352927830908056,0.30527379026254514,0.998948144439452,-0.04547789755004256,-0.00014800553045870205,0.005860345533043312,0.04417289316538976,6.407296998871117,4.76060384491401,0.07279797517988411,-0.07279797517988447,nan
0.9190520446096654,2.656461991886087,0.039325108551278035,0.30508880046332804,0.9987131679698786,-0.05015294031239225,-0.00019446699834897854,0.007526811023072356,0.05338219411657585,6.565974966405597,4.873428666824291,0.07310533954008068,-0.07310533954008099,nan
0.9357620817843866,2.71304448358675,0.04481854481893576,0.30485778891266235,0.9984442483710299,-0.054945252381470945,-0.00025680219603704926,0.00948874007325966,0.06354126280879091,6.725481157761653,4.986790172201443,0.0734029310663934,-0.073402931066394,nan
0.9524721189591078,2.7698446694565715,0.05086848225184985,0.30457858841493574,0.9981398332435812,-0.059818111410023474,-0.00033940169886562376,0.011770796332480555,0.07460855593141558,6.88585083606789,5.100686224958206,0.07369107306907798,-0.07369107306907886,nan
0.969182156133829,2.8268458428464345,0.057498758866448,0.30425137420408027,0.9977988060928293,-0.06473257711722055,-0.0004468021792407155,0.01438875906046632,0.08650523199068802,7.047108485632924,5.2151053471745765,0.07397026582119992,-0.07397026582120106,nan
0.9858921933085502,2.884036801374399,0.0647530145388538,0.3038762244638657,0.9974200911275244,-0.0696505471408078,-0.000584974779221803,0.017367236471435683,0.09916016988687842,7.2093149488005634,5.330054847224814,0.07424071603800053,-0.07424071603800167,nan
1.0026022304832714,2.9414014311590737,0.07266548158817127,0.3034556544248248,0.9970029305520256,-0.07453295645217828,-0.000760025164275755,0.020722384875307042,0.11246772894202849,7.372521705841769,5.445534160154834,0.07450282209152806,-0.07450282209152903,nan
1.0193122676579927,2.9989204643422323,0.08126105538358439,0.30299425742386904,0.9965467004086679,-0.07934313382208164,-0.000977766051463245,0.024461909030910712,0.1262989162424263,7.536769659696774,5.561536778623486,0.07475715276882464,-0.07475715276882541,nan
1.0360223048327137,3.0565783009295258,0.09058786619307342,0.3024967792714653,0.9960506986661741,-0.0840435513265901,-0.0012456549430460463,0.028603068206126164,0.14052504514491101,7.702137057371054,5.678074484344059,0.0750041422447888,-0.07500414224478981,nan
1.052732342007435,3.114354236039459,0.10067724811429572,0.3019702397821309,0.9955141735908798,-0.08860102939660083,-0.0015700150282055585,0.03315000486186669,0.1549909804948799,7.86867635406396,5.795146716508323,0.07524458550288073,-0.0752445855028818,nan
1.0694423791821561,3.172226125186807,0.1115544808442376,0.3014226030678323,0.9949361029920452,-0.09298757520353161,-0.001956274182232747,0.038100325616642665,0.16953399850337558,8.03642818117187,5.9127495639075,0.07547950493349159,-0.07547950493349273,nan
1.0861524163568772,3.230173336871574,0.12327131460500657,0.30086189921637496,0.9943151766953369,-0.09717328510059514,-0.0024113994210122973,0.04346109995054973,0.18398335115880723,8.20546907302406,6.030896489263222,0.07571000147766471,-0.07571000147766585,nan
1.1028624535315985,3.2881712461261987,0.1358535060611266,0.30029692775389977,0.9936495675846195,-0.10113876565229,-0.0029394243972807044,0.049222420759676686,0.1981641638991218,8.375828435639841,6.149583358610364,0.07593758455421011,-0.07593758455421122,nan
1.1195724907063196,3.3461949782321474,0.14932527927909892,0.2997359517329633,0.9929368969535451,-0.10487065785240225,-0.003543161120142912,0.05537065828709312,0.21190795405344037,8.547524649834166,6.268805175682482,0.07616392393923288,-0.07616392393923391,nan
1.136282527881041,3.404218825453424,0.16374014099821402,0.2991868967447189,0.9921743273374573,-0.10835388031661379,-0.004226732885918245,0.06190052925386157,0.22503224308772818,8.720608401040506,6.388573216330839,0.07639083853301974,-0.07639083853302081,nan
1.152992565055762,3.462215835780595,0.17911491042969788,0.29865625278729985,0.9913582667945462,-0.111589136852957,-0.004989906418226594,0.06878773312490363,0.23738558452757638,8.895063571865492,6.508876332795634,0.07662016947309466,-0.0766201694730958,nan
1.1697026022304833,3.520159263857359,0.1954708036163307,0.2981489807688391,0.990484607165528,-0.1145822896072641,-0.005831734063295774,0.07600745196572424,0.2488316631581094,9.070869130214152,6.629705812673841,0.07685354962899148,-0.07685354962899255,nan
1.1864126394052044,3.5780191124297542,0.2128606777290061,0.29766926247819775,0.9895487840833712,-0.11733896967656388,-0.006752710137827707,0.08354143295490345,0.2592191451218859,9.248032394637763,6.751068478005092,0.07709239479790465,-0.07709239479790585,nan
1.2031226765799257,3.63576850620972,0.23128942725346388,0.297218205915892,0.9885457796829048,-0.11988221297460439,-0.007748859243930478,0.09135344363431118,0.2684677674113311,9.426484437864294,6.872945613018076,0.07733723496819092,-0.07733723496819209,nan
1.2198327137546467,3.6933800906331156,0.2507738418172292,0.29679539588651516,0.9874704047276156,-0.12223787970968707,-0.008816901767054621,0.09941007390797586,0.2765128078253266,9.606163644879134,6.995325216672957,0.07758782608207533,-0.07758782608207652,nan
1.236542750929368,3.7508206390777796,0.27136448245069766,0.29639941618908705,0.9863172154609895,-0.12443328710918534,-0.00995571218563562,0.10768282750448134,0.28327921240100623,9.787034862109232,7.118210640939112,0.07784298810831439,-0.07784298810831544,nan
1.2532527881040891,3.808065587635392,0.2930528438070953,0.2960257164035965,0.9850810203096644,-0.12650898227851823,-0.011160781290277607,0.11613052049101823,0.2887915219854306,9.968992572831588,7.241578632677168,0.07810009186637301,-0.07810009186637415,nan
1.2699628252788104,3.8650876298095356,0.3158512018206348,0.2956689365660953,0.9837567820387083,-0.12850510317681904,-0.012429876942882454,0.12471780309781424,0.2930815915618293,10.151953747871383,7.365416831944114,0.07835557211036782,-0.07835557211036905,nan
1.2866728624535315,3.921850561609767,0.339807452391635,0.2953226928026248,0.9823392854148022,-0.13046405349048726,-0.013763871453777362,0.13341369839776937,0.2961786109613077,10.335863064089937,7.489728182587155,0.0786047357266888,-0.07860473572669012,nan
1.3033828996282528,3.9783331184905357,0.36490024954356465,0.29497902075978605,0.9808243369233821,-0.1324305463022529,-0.015161046193402462,0.14218267539758933,0.2982151645312272,10.520612403607599,7.614488659231108,0.07884280485565708,-0.07884280485565852,nan
1.320092936802974,4.034506795702522,0.3911406316151438,0.29462982793194403,0.9792077291996185,-0.1344464001666275,-0.01662294185332642,0.15099690845213548,0.29931660163023127,10.706129594740542,7.739689316374328,0.07906505089630798,-0.07906505089630941,nan
1.3368029739776952,4.090332978814974,0.41856899644343787,0.2942661278926805,0.9774848595818276,-0.1365542828051776,-0.018154287300164076,0.15983334754825537,0.2996183955215126,10.892368470163262,7.865333410733618,0.07926687006550025,-0.07926687006550155,nan
1.3535130111524163,4.14579179492153,0.4471587340126391,0.2938797905744138,0.9756524037994808,-0.13878626032156496,-0.019757049130633912,0.16867252270568395,0.29932206035401077,11.079255243811279,7.9914009026525,0.07944619075542714,-0.07944619075542811,nan
1.3702230483271376,4.2008518609645265,0.47692042151611824,0.29346268675471915,0.9737063960715501,-0.14117097989840716,-0.021436318301937828,0.17750237446731548,0.29861682863696476,11.266754074271258,8.117887477669276,0.07960214510428801,-0.07960214510428887,nan
1.3869330855018587,4.255471883323304,0.5078859315831771,0.2930063938688317,0.971642097643015,-0.14373363651134305,-0.023199488935435587,0.18631709405269675,0.29770408805402976,11.454854483994351,8.244797814075492,0.07973552785112392,-0.07973552785112475,nan
1.40364312267658,4.309631023944577,0.5400279641548311,0.29250542117949374,0.9694559927258088,-0.14648114750411856,-0.025049944502999664,0.1951175334876132,0.296796949626135,11.643533078814453,8.37211756553424,0.07985023008448822,-0.07985023008448924,nan
1.420353159851301,4.363293090474559,0.573357616062903,0.29195432190380277,0.9671433150146597,-0.1494169762607643,-0.02699361038652539,0.20391106008710133,0.2960966609401852,11.832802021265781,8.499847690198052,0.07995101329467932,-0.07995101329468025,nan
1.4370631970260224,4.4164130481552375,0.6078995327727652,0.2913484752912908,0.9646984184105619,-0.15253669512165655,-0.029037159759557736,0.21271192141161518,0.2958046874136854,12.022696951106278,8.627995530603517,0.0800437396896223,-0.08004373968962308,nan
1.4537732342007434,4.468967144934089,0.6436273771798068,0.2906874918821688,0.9621170405494693,-0.1558174715150031,-0.031181970783407603,0.22153871118399315,0.2960858120720729,12.213242168907955,8.756552654107832,0.08013481103605147,-0.08013481103605229,nan
1.4704832713754648,4.520911994769293,0.6805538592882798,0.2899713960147671,0.9593934371258012,-0.15923291470980566,-0.03343147732369621,0.2304158154227192,0.29709498660909955,12.404496347960068,8.885525817050086,0.08022989054361188,-0.08022989054361261,nan
1.4871933085501858,4.572197666540172,0.7186969888397217,0.2892025136409668,0.9565214612646481,-0.1627466011040097,-0.03578811762930352,0.23937303232775792,0.2989665740001235,12.596536506795172,9.014925384907166,0.08033369635188528,-0.08033369635188602,nan
1.5039033457249071,4.6227957552953525,0.7580315628418013,0.28838777138570176,0.9534968263196096,-0.16630953622104358,-0.03824851074793632,0.24843911082182427,0.3017700038432934,12.789422450561105,9.144748123880627,0.08044899535047788,-0.08044899535047863,nan
1.5206133828996282,4.672661274883502,0.7985613175107832,0.2875397756611879,0.9503176381618527,-0.16984489645934203,-0.04080495363332433,0.25765103047373206,0.3055994854554422,12.983257087218712,9.275009357082801,0.08057822584133995,-0.08057822584134067,nan
1.5373234200743495,4.7217583516120385,0.8402724830954404,0.28668161462804137,0.9469881226549831,-0.1732347568532196,-0.04343778339776522,0.2670512563945087,0.3105281260327507,13.178161091195653,9.40572765246462,0.08072150593376415,-0.08072150593376488,nan
1.5540334572490706,4.770072444253406,0.8831173154696862,0.28584095485045985,0.9435151650748269,-0.1763606124780729,-0.046120413021965345,0.27667485455470037,0.3165113031120639,13.374225350076838,9.536907350481881,0.080876279567893,-0.08087627956789381,nan
1.570743494423792,4.8175622392140784,0.9270856107354034,0.28504925600704556,0.9399058049812393,-0.17909726072216592,-0.0488237731516441,0.28656149102700784,0.3234481936694047,13.571572341830015,9.668565569954625,0.0810400807269556,-0.08104008072695619,nan
1.587453531598513,4.8641930194239364,0.9721549425334431,0.2843405953112781,0.9361687074683319,-0.1813235832110678,-0.05151290978033408,0.2967428675714636,0.33113589550604794,13.770301030466817,9.800711074932615,0.08121113481616715,-0.0812111348161676,nan
1.604163568773234,4.909950098312876,1.0182787088942251,0.28374672052360606,0.9323132831144562,-0.1829403272827098,-0.05414928611243496,0.3072338418787109,0.33927897156700737,13.970454546226662,9.93333630324596,0.08138924498245481,-0.08138924498245514,nan
1.6208736059479554,4.954792591999097,1.065443515804142,0.2833010560405878,0.9283497005681265,-0.1838431300659992,-0.056688775142074384,0.31804861225211695,0.3475250077107054,14.172087284318605,10.066442221499566,0.081576699292746,-0.08157669929274607,nan
1.6375836431226765,4.998698477922677,1.1136159525894775,0.2830310162206675,0.9242886399047875,-0.18395567384534822,-0.059084363001440925,0.3291805860797019,0.35545080896916215,14.375183165782012,10.200013374249664,0.08177803745682295,-0.08177803745682283,nan
1.6542936802973978,5.0416662129176935,1.1627467458158913,0.2829542996552962,0.9201403579488806,-0.18323817610812063,-0.06129073610364779,0.3406008487337465,0.3626084697424211,14.579650131279232,10.334019633851135,0.08199936733984227,-0.08199936733984195,nan
1.6710037174721188,5.083671464818464,1.2128160442968499,0.2830866870156034,0.9159177661884607,-0.18165243197990694,-0.06325731801075256,0.35227198477059196,0.3685028421449708,14.785377313741357,10.468437150359483,0.0822485302609465,-0.08224853026094617,nan
1.6877137546468401,5.124721992363519,1.2637795840670958,0.283429711286453,0.9116340691032114,-0.17921106010247206,-0.06494212870956212,0.3641280542692913,0.3726653053156718,14.992154789187621,10.603225132106981,0.08253257588079897,-0.08253257588079847,nan
1.7044237918215612,5.164842915622585,1.3155864414127525,0.28397349340235123,0.9073036440063706,-0.1759650160052767,-0.0663142179766887,0.376083548176684,0.37469094457841245,15.199708855302864,10.738336527940017,0.0828562124947161,-0.08285621249471552,nan
1.7211338289962825,5.2040392935220625,1.3682122758144977,0.2847051292296564,0.9029483899142903,-0.17197304406142194,-0.06734363144883262,0.3880390606249878,0.3741654571800406,15.407732887965334,10.873731543828406,0.08322198941179883,-0.08322198941179801,nan
1.7378438661710036,5.2423540200546555,1.4216068122475114,0.28559756379565043,0.8985909736553633,-0.16734636026436783,-0.06802431823839884,0.39987766866827584,0.3708403810298352,15.615862401913878,11.009360411200428,0.0836266604177467,-0.08362666041774576,nan
1.754553903345725,5.2798367742344565,1.4757204469987197,0.28661848721498207,0.8942578705812564,-0.16221611263026436,-0.06836616490871224,0.4114788709062436,0.3645931662740123,15.823730190371025,11.145175879598847,0.08406217678920172,-0.08406217678920071,nan
1.771263940520446,5.31651616464621,1.5305257269020787,0.2877351976591654,0.8899870269556992,-0.15671717940845117,-0.06838431280701772,0.4227131453961739,0.3553337248590118,16.030961492962533,11.281138060940789,0.08451716506017053,-0.08451716506016965,nan
1.7879739776951673,5.352454251840465,1.58596802936739,0.28890959233350244,0.8858119797553278,-0.1510065087009927,-0.06811978378564741,0.43346726048097395,0.34321635498223263,16.237236043270656,11.417204480330467,0.08497707442082061,-0.0849770744208199,nan
1.8046840148698884,5.3877070024399805,1.6419976521008186,0.290106317813969,0.8817682336686664,-0.14523219963505607,-0.06762088616475581,0.4436437828216424,0.3284937467692054,16.442297094750334,11.55333836167442,0.08542781484242691,-0.08542781484242616,nan
1.8213940520446097,5.42230853028014,1.6985818134071313,0.29129255135364696,0.8779001101075737,-0.13953621625358695,-0.06693709731208404,0.45314508276067056,0.31144680461504354,16.645914009409996,11.689508558045041,0.08585705876982647,-0.08585705876982581,nan
1.8381040892193308,5.456320006741716,1.7556624954451423,0.29243995793161087,0.8742352715555851,-0.13404141566830927,-0.06612876370105382,0.46192269425212085,0.2925424048761171,16.847998337247002,11.825686270822429,0.08625694579901932,-0.08625694579901864,nan
1.854814126394052,5.489789966365212,1.8131908731100372,0.2935260978644821,0.8707991737283028,-0.12884804209003592,-0.06525091895809505,0.4699460593076545,0.27225565856607087,17.048523096054925,11.961848226244133,0.0866236840862538,-0.0866236840862531,nan
1.8715241635687732,5.522748283127307,1.8711323315656174,0.2945313711006788,0.8676209829148592,-0.12404720614909455,-0.06435408450646009,0.47718410750966245,0.25106426601579457,17.24747985397494,12.097974055560151,0.08695602016035678,-0.08695602016035603,nan
1.8882342007434945,5.55524855936742,1.9294333849969822,0.2954458759141487,0.8647042682162202,-0.11968565644182226,-0.06348249307312273,0.4836650134586564,0.22949968382449992,17.444996082696406,12.234049532802683,0.08725701038735116,-0.08725701038735016,nan
1.9049442379182155,5.58733082449488,1.9880531845646048,0.29626366044105146,0.8620511566876141,-0.1157932279696489,-0.06267001093728244,0.4894202706662611,0.20804609233915358,17.641204212221798,12.370064599557555,0.08753013634087241,-0.08753013634087123,nan
1.9216542750929368,5.619021452268485,2.046963148573169,0.2969801859119735,0.8596655022992415,-0.11239338607687965,-0.0619437292287465,0.4944754041729497,0.18718519571548173,17.836224782051932,12.506011477274102,0.08777816580403223,-0.08777816580403087,nan
1.938364312267658,5.65036786108882,2.1061219064657672,0.29760082826522866,0.857526160832134,-0.10945964202891417,-0.06131476711225558,0.49890677444726383,0.1673223029460778,18.03025662634268,12.641890932035581,0.08800459914343788,-0.08800459914343627,nan
1.9550743494423792,5.681404269787449,2.165500881564296,0.29813132637567225,0.8556154694409203,-0.1069610521453506,-0.060785744997909015,0.5027788728480965,0.14881661666949955,18.22345949558135,12.777706121984767,0.08821120740960539,-0.08821120740960357,nan
1.9717843866171003,5.712156980871995,2.2250797649086533,0.2985779611496669,0.8539168937911201,-0.10485957069843922,-0.06035130610469677,0.5061503025609302,0.13201997476214275,18.415968766124653,12.913462645102115,0.08839844798589926,-0.08839844798589742,nan
1.9884944237918216,5.7426670753683675,2.2848302718468694,0.2989537388187861,0.8523980481665213,-0.1030802760395186,-0.05999088394447288,0.5091101236639106,0.11711718447268306,18.60794365340992,13.049172678433347,0.08856738765385479,-0.08856738765385302,nan
2.0052044609665427,5.772964779744569,2.344733634547408,0.2992702456004264,0.8510331450359411,-0.10155041495219302,-0.05967866943840849,0.5117309407172228,0.1042710500129057,18.79950184356205,13.184848752093146,0.08871840352437009,-0.08871840352436829,nan
2.021914498141264,5.803076544768842,2.404775374802836,0.2995395764450128,0.849798193030554,-0.10018924090364192,-0.05938106655315285,0.5140807680356921,0.0936121790976586,18.9907413445897,13.320505159416204,0.0888518572861571,-0.08885185728615538,nan
2.0386245353159853,5.833036677949251,2.464935997945271,0.29977673248622266,0.8486638342764224,-0.09890221001435517,-0.05905839846730634,0.516236529912398,0.08508290667079922,19.181759559545196,13.456157877757308,0.08896938165838365,-0.08896938165838199,nan
2.055334572490706,5.8628720842467095,2.525201893865467,0.29999535677608574,0.8476077984551609,-0.09759793084156303,-0.05866798237101434,0.5182602934220943,0.07861975872845507,19.372629319927064,13.591822198535027,0.08907253329624397,-0.08907253329624204,nan
2.0720446096654275,5.892608419972143,2.585561003474045,0.3002093554686815,0.8466110531518368,-0.09618103412340487,-0.05816257163269443,0.5202076975758452,0.07410538530326587,19.563413393815598,13.727513426584801,0.08916307649568166,-0.08916307649567955,nan
2.0887546468401488,5.92227456454676,2.6459979753368352,0.3004320536293212,0.8456557650573877,-0.0945653139388229,-0.05750036305192576,0.522127797262081,0.07127263217019057,19.75416792591988,13.863243997292903,0.08924356405641015,-0.08924356405640799,nan
2.10546468401487,5.951895730688251,2.706500757375661,0.30067542289799615,0.8447303762265196,-0.09266702604670674,-0.056637502397233405,0.5240568739040307,0.06985814720592416,19.944937489879806,13.999025210176564,0.08931647751998738,-0.0893164775199854,nan
2.122174721189591,5.981497876192192,2.767057198338724,0.30095008892638103,0.8438275097828104,-0.0904069744275062,-0.05553083810284236,0.5260209489442425,0.06954458557137586,20.13575963578785,14.134866327778496,0.08938454643626724,-0.08938454643626535,nan
2.1388847583643122,6.011107639805353,2.827653263929267,0.3012627994451899,0.8429430797920068,-0.0877316799344533,-0.05415139491236839,0.5280319526275753,0.06994236745711746,20.326660145097698,14.270771191532209,0.08945083144822616,-0.08945083144822459,nan
2.1555947955390335,6.040752115173133,2.888276229637143,0.30161808745059554,0.8420782136193427,-0.08458915439606084,-0.05246805432361088,0.5300906152552702,0.07066988481506375,20.51765637944402,14.406742189028398,0.08951838362521519,-0.0895183836252133,nan
2.1723048327137544,6.0704605298747705,2.9489124103311615,0.30201659369014683,0.8412382651073015,-0.0809422421022503,-0.050456446848612904,0.5321848191503884,0.07132164587930727,20.708754572289255,14.542778025957073,0.0895902610870622,-0.08959026108706025,nan
2.1890148698884757,6.100261215007422,3.00954741676975,0.30245344378731726,0.8404310446309955,-0.07678550011351627,-0.048110051055720165,0.5342893122458909,0.07150741666382858,20.89994627187634,14.678872154484704,0.08966893408820019,-0.08966893408819822,nan
2.205724907063197,6.1301868914647315,3.070166293913244,0.3029206971479826,0.8396695656901587,-0.0721139941914303,-0.04542013093409488,0.5363689066317961,0.07084739034569335,21.091215290697136,14.81501684176579,0.08975611875534227,-0.08975611875534069,nan
2.2224349442379183,6.160272046548279,3.130752888887608,0.3034056640222327,0.8389700991729591,-0.06694434960046067,-0.042389920411179005,0.5383778611698485,0.0689924680117165,21.282535329675706,14.951201006425078,0.0898522383566464,-0.08985223835664476,nan
2.239144981412639,6.190548454873236,3.1912911898590557,0.3038919754946057,0.8383493913074455,-0.0613193435436627,-0.039038994302413345,0.5402649286467393,0.06567511675443487,21.473874004860104,15.087411593530405,0.08995621909747661,-0.08995621909747499,nan
2.2558550185873605,6.2210556135689465,3.2517625233237615,0.3043606642502826,0.837830405374222,-0.05528105279271111,-0.035385348191134744,0.5419705657745525,0.06063792411123816,21.665199094712268,15.223635620370336,0.09006552553870192,-0.09006552553870033,nan
2.272565055762082,6.251831659487676,3.3121475227256227,0.30479095626634933,0.8374365711654623,-0.048891469045110256,-0.031460792974518106,0.5434333740530289,0.05370915502802425,21.856482759546456,15.359859940843938,0.09017626408504217,-0.09017626408504036,nan
2.289275092936803,6.28291039023565,3.3724273645482445,0.3051629836326193,0.837189262078949,-0.042225644125394694,-0.027307945058543597,0.5445965576227783,0.044818871462924965,22.047709045531146,15.496073402320038,0.09028395968118828,-0.09028395968118637,nan
2.305985130111524,6.314336304564996,3.432578253282333,0.30545604452325437,0.8371170525406355,-0.03535656685298147,-0.022968716065373915,0.5453965452845827,0.033902510853813246,22.23887635069029,15.632267211182075,0.0903838606037066,-0.09038386060370471,nan
2.3226951672862453,6.346147262879201,3.4925773554756696,0.30565334203640904,0.8372436645839397,-0.028367137117116935,-0.018495511623315967,0.545780420769769,0.021009382125267737,22.430005219954964,15.768436604404695,0.09047176214187172,-0.09047176214186982,nan
2.3394052044609666,6.378376629876573,3.5524024905133285,0.3057431279337547,0.8375886707326725,-0.02133937286111789,-0.013943994798941286,0.545706344873519,0.006268651448257964,22.621138725800083,15.904581904765786,0.09054467740552798,-0.09054467740552631,nan
2.356115241635688,6.4110720418965705,3.612024041887818,0.30571474741948346,0.8381790240994047,-0.014353040564671871,-0.009370259861409883,0.5451257763273063,-0.010189420364187123,22.812344947828088,16.040708186521776,0.0906002922617106,-0.09060029226170899,nan
2.3728252788104087,6.444268126512937,3.671416596563929,0.30556632036431863,0.8390302620821113,-0.007483469637465891,-0.004832654783769961,0.544011821967455,-0.028127264469229613,23.00371371224909,16.176827088533006,0.09063798375527171,-0.09063798375527034,nan
2.38953531598513,6.478003065268205,3.7306586795450882,0.30549229152132795,0.8401458503926783,-0.0007416457040284983,-0.0005448975834006034,0.5423597543293905,-0.046977605368990726,23.194688236216066,16.313252728206916,0.0906382730517893,-0.090638273051788,nan
2.4062453531598513,6.512239747537817,3.789718496596318,0.30559440207449906,0.841545266879212,0.005590789463266118,0.0035146215129096053,0.540146234182924,-0.06657795260880117,23.385446788079648,16.44952106831081,0.09057103611550316,-0.0905710361155018,nan
2.4229553903345726,6.546985918671606,3.8485311720745763,0.3056552078699577,0.8432291598440683,0.011460365499771816,0.007302044281168064,0.5373824747427054,-0.0865627316244057,23.576524738134584,16.585762319674657,0.09052938688496497,-0.09052938688496359,nan
2.4396654275092935,6.582274006949714,3.9070689029270866,0.30563055393573824,0.8451917082566951,0.016857293894976453,0.010772081792442828,0.5340887287619213,-0.10647715586026762,23.768121344090034,16.722057344587473,0.0904933777031651,-0.09049337770316378,nan
2.456375464684015,6.618154635529608,3.9652950944162293,0.30552893130884246,0.8474304143110185,0.02176169107666385,0.013891074059852437,0.5302783794985452,-0.12585984369535166,23.960387273660853,16.85843716916045,0.09045097128834226,-0.09045097128834084,nan
2.473085501858736,6.654652437545325,4.023185535947368,0.30537236460487266,0.8499217746312127,0.02618777372107097,0.01665523865130913,0.5259940879332504,-0.14429050292413184,24.153409797055616,16.994923509374,0.09040209857478494,-0.0904020985747834,nan
2.4897955390334574,6.691797063120619,4.0807129378902705,0.30518113890774057,0.8526404286573293,0.030157680983745463,0.019069851652677335,0.5212783847951817,-0.16139159519362228,24.34724678531166,17.131536760456402,0.09034953298497032,-0.09034953298496862,nan
2.5065055762081783,6.729639332261934,4.1378369021066925,0.30497228516237634,0.8555630198652817,0.033694149418838304,0.021141949287244808,0.5161682296638144,-0.17677726778449038,24.541947541105632,17.268299436397864,0.09029597907565996,-0.09029597907565846,nan
2.5232156133828996,6.768193594879431,4.194537251931344,0.3047599758028556,0.858648850774696,0.036855535388858815,0.022907786861271703,0.5107240486560363,-0.1902080966718951,24.73748147084283,17.4052227860027,0.09024363648152614,-0.0902436364815247,nan
2.539925650557621,6.807484249060118,4.250787589747147,0.3045535240500604,0.8618595129208311,0.039703019505549046,0.02440676217200064,0.5050011487019505,-0.2014926818703258,24.933801567407315,17.542316234400747,0.09019417271544754,-0.09019417271544586,nan
2.556635687732342,6.847558608613506,4.306546044636804,0.30435856879024015,0.8651582750092016,0.04230216442131517,0.025680542789189933,0.4990512957506746,-0.21044381575005602,25.130855344426063,17.679591041225617,0.09014924613767733,-0.09014924613767547,nan
2.573345724907063,6.888416967845428,4.361799305799974,0.304176186649343,0.8685003143702269,0.04474189855079248,0.026789976570622393,0.4929377887809306,-0.21709347592669748,25.328527991017292,17.81704462945477,0.09011042387038404,-0.09011042387038226,nan
2.5900557620817843,6.930077354169734,4.416522347433036,0.3040043873680339,0.8718467221883339,0.04710892436242841,0.02779203450402949,0.4867151580472915,-0.22149811899932556,25.52671538612872,17.954676465750193,0.0900798427264575,-0.09007984272645563,nan
2.6067657992565056,6.9725792677149,4.470674112636942,0.3038384583375908,0.8751610379890031,0.049496297801594216,0.0287444387262612,0.48043421124255775,-0.22374042168811728,25.725320156375794,18.092489133487057,0.09006077111765858,-0.09006077111765672,nan
2.623475836431227,7.015911433728171,4.524246854308232,0.30367109533747466,0.8784101659819916,0.05199567950113764,0.029705403860845397,0.4741409269343546,-0.22410607258859683,25.924227305236727,18.23047360234347,0.09005645572860825,-0.09005645572860649,nan
2.640185873605948,7.060087245226782,4.577215136384998,0.303493583449498,0.8815674192892742,0.054694512091071346,0.030726013490172257,0.46787103745559067,-0.22287522714530533,26.12334995551061,18.36862603637781,0.09007070417066781,-0.09007070417066619,nan
2.656895910780669,7.105136222066007,4.629539791135333,0.3032951517201142,0.8846101607333454,0.057681498433312335,0.031854051689051484,0.4616524966430961,-0.22036879539234056,26.322620131956633,18.506946016102997,0.09010752241743025,-0.09010752241742861,nan
2.6736059479553904,7.151042283696326,4.6812140037820615,0.303065084849075,0.8875255601430336,0.06101955074046898,0.03312276345461745,0.4554973952300444,-0.21701327404199777,26.521984435590333,18.645425226053256,0.09016829286298102,-0.09016829286297925,nan
2.6903159851301113,7.197816437551352,4.732209800598115,0.30279127283755425,0.8903053010694532,0.06476694209709821,0.03455869834165916,0.44940784424390273,-0.21321812055616354,26.721417230622833,18.784061762779093,0.09025272734421644,-0.09025272734421437,nan
2.7070260223048326,7.245481023609392,4.7824879651536065,0.3024598514508257,0.8929461765912438,0.06897363196697635,0.036180757386888536,0.44337423989139757,-0.20941815537176997,26.920915842975816,18.92285718984615,0.09035766678459374,-0.0903576667845915,nan
2.723736059479554,7.294018891726826,4.832039760738626,0.3020593142802347,0.8954546315944042,0.07365090209875322,0.037988175538148906,0.43737106202337245,-0.20604012443121866,27.12049636776759,19.06180799263349,0.09047581883620001,-0.09047581883619793,nan
2.740446096654275,7.343441385952858,4.880831751765803,0.3015764510101414,0.8978399585268486,0.07880599147382748,0.039975023413765555,0.4313641409336231,-0.20349109450609007,27.320197225916917,19.200918089180256,0.09059771093716062,-0.09059771093715882,nan
2.757156133828996,7.393765604271173,4.9288224853171725,0.30099782692706806,0.900116854300662,0.0844293084818364,0.042124873126910024,0.42530793025430585,-0.20216502523913862,27.52007897355712,19.34019543177733,0.0907116130381503,-0.09071161303814863,nan
2.7738661710037174,7.444975090681013,4.9759982459191345,0.30031539705102755,0.9023058459490352,0.0904745494532553,0.04440477136908952,0.41915001198507135,-0.20235798810147754,27.72021358192975,19.4796449422084,0.09080569251670739,-0.09080569251670566,nan
2.7905762081784387,7.4970824140969885,5.022316320467816,0.29952069147514937,0.9044304627280906,0.09689213694736046,0.04677698057628877,0.4128309169325757,-0.20434898630930926,27.920698728055996,19.619280674838105,0.09086861313270693,-0.09086861313270515,nan
2.80728624535316,7.550099528014266,5.067729825818752,0.29860911492211684,0.9065189037456561,0.10361330368649137,0.049193115117481055,0.4062853650772852,-0.2083547900586394,28.121655735604936,19.759121101167896,0.09089078399207097,-0.09089078399206879,nan
2.823996282527881,7.604010513046715,5.112216019007941,0.2975848748274156,0.9086001535508856,0.11054663281004255,0.05159636264470465,0.39945339941413055,-0.21445139891543907,28.323210255951498,19.89918231542089,0.09086683348653486,-0.09086683348653248,nan
2.840706319702602,7.658828493233227,5.155717667829512,0.2964548137836418,0.9107075877320607,0.11759739482019439,0.05392401257868239,0.39226871306053507,-0.22269980641072076,28.525526694840043,20.0394913752333,0.0907930398515087,-0.09079303985150626,nan
2.8574163568773234,7.714559104453706,5.1981785226048665,0.29523416957738197,0.9128760576931806,0.12465768951939193,0.056107112101563265,0.3846683710754843,-0.2330590238660143,28.72878889997177,20.180077961953316,0.09066902174500707,-0.09066902174500445,nan
2.8741263940520447,7.77118566014133,5.239562517560041,0.29394743356660885,0.9151358006159159,0.13161548414317625,0.05807878835632154,0.3766041490847992,-0.24535436633779595,28.93317137101402,20.32097371823871,0.090501299437479,-0.0905012994374765,nan
2.8908364312267656,7.828719629039694,5.279792978993389,0.29262406201054186,0.9175221430839477,0.1383538522876353,0.05976578324858864,0.36802089568459806,-0.2593907037639363,29.13889488447242,20.462221666127256,0.09029313472970904,-0.09029313472970667,nan
2.907546468401487,7.887159241587353,5.318809559258129,0.29130120868262205,0.9200569044321707,0.14477159913087626,0.06110658441804742,0.35889059897486936,-0.2749325524077331,29.346092253096206,20.60385898119727,0.09005368803956232,-0.09005368803955975,nan
2.924256505576208,7.946483840643127,5.3565677966445495,0.29001783327452946,0.9227552991627028,0.15077408861949776,0.062051383079916485,0.349198307450051,-0.2916442192913355,29.554880691488897,20.74588674419582,0.08977307038489331,-0.08977307038489052,nan
2.9409665427509295,8.006694260102964,5.392967032887013,0.2888148223303151,0.9256507918245787,0.15623114446826758,0.06253593747214878,0.33889776868127275,-0.30902602830475956,29.765541593586022,20.88830231778644,0.0894494993359727,-0.08944949933597006,nan
2.9576765799256504,8.067769767987942,5.427936654830914,0.2877331663496751,0.9287557006595929,0.1610430673343681,0.06252217043408699,0.3279770680399135,-0.3265384372821613,29.97823103357871,21.03111090572545,0.08909988407574196,-0.0890998840757397,nan
2.9743866171003717,8.12967781689293,5.461423875564644,0.2868081570336231,0.9320666003486119,0.16513632270965295,0.06199528580907412,0.3164465704885515,-0.34362521012988995,30.193015495735327,21.174302077660354,0.08873520739142135,-0.08873520739141912,nan
2.991096654275093,8.192408306566604,5.493330280425149,0.286072928438412,0.9355791913017598,0.16843352880824192,0.06094431542827323,0.3043148264434837,-0.3596845853609382,30.409957154736265,21.317862395703848,0.08836569496562406,-0.08836569496562181,nan
3.0078066914498143,8.255923072411797,5.5236080884490875,0.2855451172324663,0.9392653815127471,0.17090315617006013,0.059395246925615285,0.29162451705141484,-0.37412908119874333,30.628970918226468,21.461754243554598,0.08800458645308454,-0.08800458645308205,nan
3.024516728624535,8.320179932006614,5.552225456510592,0.28522907413406823,0.9430830003258642,0.17254725339017965,0.05739640496020885,0.2784376995694279,-0.3864175645260708,30.849876585288865,21.605930912677696,0.08766791266233727,-0.08766791266233465,nan
3.0412267657992564,8.385158887840753,5.579106582781336,0.2851231530317951,0.9469860637259337,0.1733785067946885,0.055003217457819005,0.26482434661449444,-0.3959782214129884,31.072456120046365,21.750348967885465,0.0873758881205967,-0.08737588812059409,nan
3.0579368029739777,8.450814043585348,5.6042488828268695,0.2852057601917744,0.95090707932903,0.17347802708897475,0.05230209979758807,0.2508895991387731,-0.4024121053071459,31.29633941674796,21.894955095315503,0.08714925410003063,-0.08714925410002804,nan
3.074646840148699,8.51710511824328,5.627655258821849,0.28544625669585266,0.9547741163136303,0.1729619677370533,0.04938578896152358,0.23675216658501952,-0.4054381629825529,31.521103854455887,22.03970164237904,0.08700796213135388,-0.0870079621313512,nan
3.09135687732342,8.584012539643162,5.649279676644622,0.28580979498656184,0.958518234194906,0.17196423613386835,0.0463454837067828,0.2225380694325331,-0.4047794588330651,31.74631261534265,22.184566646948287,0.08698068362945381,-0.08698068362945094,nan
3.108066914498141,8.65149260775491,5.669158694892003,0.28625229779024797,0.9620673666347114,0.17067351395042266,0.04327356997018564,0.20838505664850854,-0.4004763457769559,31.971492116767827,22.329531288616348,0.08707050872388362,-0.08707050872388065,nan
3.1247769516728625,8.719515341577795,5.687327321608358,0.2867280773216084,0.9653452133437841,0.16932920972699134,0.040261991579547234,0.19446133250989772,-0.3928517641464733,32.196109652118146,22.474495224587397,0.08725158145215293,-0.08725158145215012,nan
3.141486988847584,8.788061178291219,5.703759386279352,0.287186928453367,0.9682955487196596,0.16815864009360576,0.03738894551511706,0.1809101126107381,-0.3822259480112746,32.41972807869503,22.619409039896905,0.08752308257335648,-0.08752308257335353,nan
3.1581970260223047,8.85708172100716,5.718511624532793,0.28758218608580133,0.9708846164140434,0.16737001558666792,0.03470564014075925,0.1678268692298537,-0.36920068251570454,32.642067576607445,22.764215896622208,0.0878530484318456,-0.08785304843184265,nan
3.174907063197026,8.926533341306406,5.731618219342559,0.28787474554673875,0.9730905926644908,0.1671763729823824,0.032248190449556326,0.15526368859799317,-0.3543521390571342,32.862956601868696,22.90901025275952,0.08827947365788755,-0.08827947365788465,nan
3.1916171003717473,8.996387182108093,5.743043955253643,0.2880225447948344,0.9748976087185325,0.16776031175790318,0.0300377902605803,0.14327896380850877,-0.33842186459589213,33.08227244829529,23.05395134373971,0.08879209048742942,-0.0887920904874266,nan
3.208327137546468,9.066592917377852,5.752833650676285,0.2879953775536728,0.976315998140304,0.16920036149428555,0.028060841489064896,0.1318745563800336,-0.3223102076604244,33.30008303875647,23.198925188862145,0.0892382045358421,-0.08923820453583933,nan
3.2250371747211894,9.13710901939873,5.760989080835268,0.2877682991110938,0.9773578710902651,0.17156050408473017,0.026298898923480533,0.12102459738214631,-0.3068292210307608,33.51650486114177,23.34387195520967,0.08958290210568218,-0.0895829021056797,nan
3.2417472118959108,9.207900694239976,5.767458524934601,0.28731573654070147,0.978034072550105,0.17489106296228976,0.024728492758049725,0.11068410307217313,-0.2928125820818259,33.731688471418586,23.48880502163732,0.08983083053089412,-0.08983083053089161,nan
3.258457249070632,9.278917372894371,5.772284096491796,0.28663128921659364,0.9783740307462463,0.1791385721285189,0.02330623861901423,0.10074942768339797,-0.28094203581462723,33.9459065230913,23.63375794118892,0.08998896266999735,-0.08998896266999512,nan
3.275167286245353,9.350119086458355,5.7754435899534915,0.2857077865539961,0.9784037113247799,0.18422708634443885,0.0219891886862571,0.09112098498071522,-0.2718769826227318,34.15941836198628,23.778780848879595,0.09007387533009692,-0.09007387533009481,nan
3.291877323420074,9.421465768475233,5.776876436963038,0.28454395124490006,0.9781483722378455,0.1900658071709407,0.020731493558155,0.08167592061164852,-0.26620953204374875,34.37251103197634,23.92391432879835,0.09008074998075952,-0.09008074998075734,nan
3.3085873605947955,9.492907560885477,5.7766250078062695,0.2831599826268964,0.9776354093237993,0.1965381698257054,0.019480614469701327,0.07226520530471377,-0.2642184143062727,34.58551226172211,24.06913433157381,0.08999585189935119,-0.08999585189934889,nan
3.325297397769517,9.564398182789136,5.774655707712071,0.2815732852341727,0.9768961845808204,0.20348463150682888,0.018178250275725297,0.06274870922081816,-0.26622361469027467,34.798767599543226,24.2144974072599,0.08985807819273214,-0.0898580781927296,nan
3.3420074349442377,9.635883497570502,5.7708941921377255,0.2798125624528843,0.9759711876740974,0.2106990891093878,0.016758841852589204,0.05296485531223471,-0.27241842671351263,35.012687846148694,24.360082434765985,0.08968504362102504,-0.08968504362102249,nan
3.358717472118959,9.707302898726736,5.765337068441421,0.2779322765821693,0.9749050312445505,0.21794689374194245,0.015160639713191239,0.042772497773540086,-0.2826765402920629,35.22768005579748,24.505948020380675,0.08947956609444668,-0.0894795660944442,nan
3.3754275092936803,9.7785859148754,5.757912647555248,0.275999003917224,0.9737441419810555,0.2249870978938565,0.01331727563621715,0.032028142445469934,-0.2968572526075706,35.44420720160723,24.652159863680183,0.0892385742994686,-0.08923857429946593,nan
3.3921375464684016,9.849647234614558,5.748523000403992,0.27409845064932553,0.972539656916291,0.23155615003946312,0.011160086216805516,0.02058683024844538,-0.31468396235262486,35.66277026757222,24.798785936314985,0.08895547293179666,-0.08895547293179389,nan
3.4088475836431225,9.920418776333479,5.737141005907276,0.27233543854192627,0.9713265441383796,0.2374451409635593,0.008625823085566508,0.008375252896751431,-0.3357145091323037,35.88355662639549,24.94590240207638,0.08863629874883606,-0.08863629874883325,nan
3.4255576208178438,9.990820016032659,5.723689742397395,0.270824302909144,0.970124957120915,0.2424959480867271,0.005645666704501742,-0.00462700552453252,-0.3597275796617183,36.106745705621094,25.093613386342888,0.08830140674274076,-0.088301406742738,nan
3.442267657992565,10.060783561657143,5.708209499386857,0.2694809923413165,0.9689359190547274,0.2466212589251614,0.0024119741541460005,-0.018311793806703114,-0.38651782684003216,36.331848232072254,25.241706142560147,0.08810241287059555,-0.08810241287059278,nan
3.4589776951672864,10.130207690005854,5.690690535449414,0.26843735907491534,0.9677655744262307,0.24972266365937007,-0.0011457475443852202,-0.032666059953741854,-0.4155368453685272,36.55911393830283,25.390230624201102,0.08785046274063903,-0.08785046274063628,nan
3.4756877323420072,10.1990136752858,5.671160278319195,0.2676405431186392,0.9666142255917703,0.2517269867592108,-0.0048661020615809744,-0.04761075583811483,-0.4462598179832763,36.788268000557196,25.539014641557877,0.08775434491865468,-0.08775434491865192,nan
3.4923977695167285,10.267005283005451,5.649443353722505,0.2674755352702505,0.965491955890567,0.25246809422313904,-0.009127086805812595,-0.06326010430265572,-0.47792523888981675,37.02033877888738,25.688412788456574,0.08740804969350789,-0.08740804969350523,nan
3.50910780669145,10.334182995781298,5.625851787529342,0.2675036274984766,0.9643696005521369,0.25203322858152544,-0.01329205353787194,-0.07933376667240127,-0.5098340263051651,37.25400930223598,25.837672326806427,0.08712802913111248,-0.08712802913111006,nan
3.525817843866171,10.400431491956324,5.6003013824353705,0.26790344603946836,0.9632526802851121,0.25028489337531684,-0.017480357488948335,-0.09589673181976775,-0.5411946359517762,37.48987420044781,25.98699090196138,0.08724522570964419,-0.08724522570964198,nan
3.542527881040892,10.465653769980044,5.572940764292087,0.2685779263365601,0.9621425327645483,0.24714836190063674,-0.02144726748408228,-0.11286916573058461,-0.5708516362234193,37.727588526523945,26.135931924576592,0.08714472803673204,-0.08714472803672978,nan
3.5592379182156133,10.529669180080914,5.543752436255674,0.2698274586219242,0.9610274379005562,0.24246073648936137,-0.025458478948534317,-0.1303492259775876,-0.5978232533512151,37.96818811404517,26.284773132467233,0.08686661857413351,-0.08686661857413124,nan
3.5759479553903346,10.592620151746653,5.512969530482643,0.27101925710681174,0.9598655377884768,0.23642846112473948,-0.028682623757482185,-0.14811157696349272,-0.6168516580427607,38.21014858131635,26.43294644651382,0.08735875428720571,-0.0873587542872033,nan
3.592657992565056,10.653864749686809,5.4801155703888496,0.27325177402585876,0.958584423522327,0.22867994523248072,-0.03242648412645629,-0.1666430579293197,-0.6172551869665889,38.456796031241076,26.581112784221954,0.0869110031184418,-0.08691100311843922,nan
3.6093680297397768,10.714156754032757,5.445853964713403,0.274911699281107,0.9571222381514765,0.22023723679947915,-0.034835406768934575,-0.1849299196941409,-0.6107107934027426,38.702335177044816,26.727476017224262,0.08714653941326395,-0.08714653941326124,nan
3.626078066914498,10.772985276243382,5.40983821803524,0.2770563107514595,0.9554458731963489,0.2106164238034915,-0.03709385280650074,-0.20344028976646708,-0.596493321143726,38.949190410824365,26.873440413289007,0.08735658489105508,-0.08735658489105212,nan
3.6427881040892194,10.83047447680773,5.372172535030599,0.2794046022175305,0.9535078390694627,0.20002370432168512,-0.03889158271049683,-0.22203775205308557,-0.5731773680671949,39.19575356153396,27.018781071093322,0.0874500338095581,-0.08745003380955495,nan
3.6594981412639407,10.88664851835854,5.3328512564831,0.2819377954285027,0.9512571692034469,0.1885922533823215,-0.040258095534309514,-0.24066999344989695,-0.539594224201073,39.440949020169256,27.16365416032399,0.08758911546846511,-0.08758911546846204,nan
3.6762081784386615,10.941551801857438,5.291909104472731,0.28442429009586284,0.9486780576670686,0.17666486481692695,-0.04100779007909163,-0.25907108984424393,-0.4947612169967847,39.68335778651147,27.307808718001226,0.08802573403175364,-0.08802573403175055,nan
3.692918215613383,10.995753599029095,5.249460484406411,0.28696802858483855,0.9457422317635569,0.16599854464822825,-0.041650765761089455,-0.27619074558187473,-0.4404743198484444,39.9183173255676,27.451867137583182,0.08873073364690719,-0.0887307336469041,nan
3.709628252788104,11.04989454790003,5.206295593880572,0.28907324754704294,0.9423070114819444,0.15879231533229637,-0.042988209657201,-0.29153818023347106,-0.379504889164651,40.14561884720969,27.595446684822516,0.08910689747438565,-0.08910689747438265,nan
3.7263382899628255,11.104175238250068,5.162810413717834,0.2901891884591533,0.9383584592254579,0.1556206496114183,-0.04548723309526396,-0.30528106236693103,-0.3149767668198554,40.36660469377715,27.73870916178776,0.08925594374810875,-0.08925594374810575,nan
3.7430483271375463,11.158209543988997,5.118673901127865,0.2910173461270865,0.9342278287158357,0.15585729763107897,-0.048434250529836104,-0.31714506176771146,-0.2523661608573708,40.58149079675532,27.881173082618673,0.08963856095449933,-0.08963856095449618,nan
3.7597583643122676,11.212305874955105,5.074306231269069,0.29073386596746786,0.9297506886337651,0.15950633538213507,-0.052497006414198466,-0.32766667556458856,-0.1934689293409958,40.79282245705839,28.02361251113986,0.0899418648259592,-0.08994186482595601,nan
3.776468401486989,11.26611266840686,5.029348669250625,0.29005886038320844,0.9251604903678062,0.16581525602599015,-0.05720517911431206,-0.33661689710104464,-0.14363953103980487,41.000794113717085,28.16567477205332,0.09026135667094137,-0.09026135667093821,nan
3.79317843866171,11.319531381944579,4.983790613179747,0.28869980377375676,0.9204622329201679,0.1736833160780024,-0.062482903127987405,-0.34449857808192186,-0.10451025377409627,41.2072349402224,28.307802260742974,0.09082895958277366,-0.09082895958277053,nan
3.809888475836431,11.372380304083674,4.937454257229119,0.28677104363432887,0.9158128269752498,0.18203825136110166,-0.06799093992148877,-0.3514629042695488,-0.07786651672098616,41.41269827690361,28.450528346939628,0.09134078747716126,-0.09134078747715822,nan
3.8265985130111524,11.423914005560865,4.889797010583772,0.28520465758622404,0.9116819393734941,0.18958155425575848,-0.0724477491011537,-0.3572760828215791,-0.06689437158144487,41.61560260581982,28.592656113655885,0.09217355358627506,-0.09217355358627209,nan
3.8433085501858737,11.474473882359385,4.841082888623907,0.2831739502621161,0.9079580258847046,0.19567167514049413,-0.07649944827488632,-0.3625915790430066,-0.06911228996017847,41.818189748801295,28.735222173542407,0.0928136193524759,-0.09281361935247301,nan
3.8600185873605946,11.523074667509507,4.790636013254378,0.2821582679947036,0.9052886011242018,0.19916605845219454,-0.0784687807769461,-0.3669169937173566,-0.08608439834555871,42.0178958006779,28.877169344975076,0.09373685112725323,-0.09373685112725044,nan
3.876728624535316,11.5706300339743,4.739127458032597,0.2807837542269088,0.9031023831513711,0.20029236957038615,-0.07997233772723199,-0.3713401101909618,-0.11149294711704899,42.218739660149325,29.019919267965893,0.09405054185104565,-0.09405054185104306,nan
3.893438661710037,11.617023974584377,4.686682799815783,0.2803461661715328,0.9010390086526762,0.20016929263839375,-0.08050437159896345,-0.3762711858810127,-0.14006663693557286,42.41941285585599,29.16239010113413,0.09427199898299206,-0.09427199898298945,nan
3.9101486988847585,11.662653616628992,4.6336090957497404,0.2802673888546675,0.8988516779146317,0.19882982815786168,-0.08074753568465202,-0.38211542238651175,-0.16893925710421204,42.62172320084722,29.30519411418009,0.09413381274702537,-0.09413381274702239,nan
3.9268587360594793,11.70751199846506,4.579934947431006,0.28052637513658907,0.8965385171204502,0.19608878746148833,-0.08071008628564953,-0.3889135594487683,-0.19685683039610957,42.82607157439887,29.448326073896958,0.09383414132797725,-0.09383414132797412,nan
3.9435687732342006,11.751598185026786,4.525701979994506,0.28115539295744035,0.8941152549621162,0.1919025384886566,-0.08032477256493314,-0.3965844897093574,-0.22266584586313382,43.03241729771103,29.591758506068082,0.09353969139830179,-0.09353969139829875,nan
3.960278810408922,11.79489994021156,4.470937129065267,0.2821760070401225,0.8915934713311404,0.1862461830247862,-0.07950974933638698,-0.4050328887249155,-0.24520604775595065,43.24061983926337,29.73546116642513,0.09332286650205901,-0.09332286650205636,nan
3.9769888475836432,11.837415312717459,4.4156659408744785,0.28357919112173297,0.8889873226957775,0.17913845452714022,-0.07818587421704275,-0.41412307744043664,-0.26329654366943456,43.450405974861745,29.87934996800834,0.09320558508915244,-0.0932055850891501,nan
3.993698884758364,11.87920117055945,4.359939781950279,0.28530637671260334,0.8863138688252601,0.17073358646657955,-0.07631992646083281,-0.4236425819075226,-0.27612545830089635,43.66128694093357,30.02329302342587,0.09318829000400583,-0.09318829000400354,nan
4.010408921933085,11.920309187495052,4.303794418110908,0.28728762278179293,0.8835996432842766,0.16120857603768504,-0.07389372097088971,-0.43336264652237555,-0.2829659639251279,43.8727069295872,30.16713915332388,0.09326397302097524,-0.09326397302097292,nan
4.027118959107806,11.960803571924268,4.247263695603612,0.2894367394020682,0.8808868116159074,0.1508006086318065,-0.0709219374633033,-0.4430210834078766,-0.2833055494952129,44.08401919032492,30.31074863356701,0.09342989204318636,-0.09342989204318373,nan
4.043828996282528,12.000780412456118,4.190396446810773,0.29165621832076305,0.878223290967506,0.13981930988619173,-0.06747718035881488,-0.4523507951976833,-0.27720860207242176,44.294586627809736,30.454054052677755,0.09368522680502543,-0.09368522680502264,nan
4.060539033457249,12.040318189979944,4.133233386939641,0.29384638997209833,0.8756738554385681,0.12856835908892353,-0.0636339992936731,-0.46110323147471877,-0.264808574879466,44.50382365942181,30.596991374271237,0.09401149988295435,-0.09401149988295174,nan
4.077249070631971,12.07948852633601,4.07584644813228,0.29581424976045684,0.8732962153200718,0.1173456569604014,-0.05934685698628102,-0.4691073093291349,-0.2460659965705448,44.71119164300612,30.739330842952963,0.09439073924275959,-0.09439073924275686,nan
4.0939591078066915,12.11837490704893,4.018219771177334,0.29778191769586604,0.8712021068323291,0.10645297243979558,-0.055154152933466954,-0.4760595268701539,-0.22286020049823674,44.9168132788757,30.881528992988862,0.09469891637205967,-0.09469891637205653,nan
4.110669144981412,12.157041693297748,3.9604369128536434,0.29953381226554526,0.8694371268111367,0.09615498833355324,-0.050963303033737355,-0.4819087491267004,-0.19555302229205337,45.120304300350924,31.023272153418112,0.09499512850324611,-0.09499512850324265,nan
4.127379182156134,12.195537364195644,3.9025566993205922,0.3009841950407207,0.8680410449118002,0.08665633250744154,-0.04682184196182377,-0.48662422822963897,-0.16482892009153152,45.321653745507305,31.164466356183972,0.09526538630959124,-0.09526538630958747,nan
4.144089219330855,12.23390382612222,3.8446308312846043,0.3021230031093314,0.8670352473368351,0.07808349488643823,-0.042823484510127144,-0.49022341526724705,-0.13154495511577766,45.521172496421926,31.30513775308792,0.09549106708200153,-0.09549106708199762,nan
4.160799256505576,12.27220992343266,3.786680166002887,0.303123568179297,0.8665073865700673,0.07061310230112017,-0.039327690701833805,-0.49257697017520474,-0.09770630958628125,45.71946266775495,31.44555016244184,0.09562291695024266,-0.09562291695023853,nan
4.1775092936802976,12.310486515492105,3.7287583652632486,0.3038875165171105,0.8664195111203274,0.06430072800672648,-0.0362447666787372,-0.49383090629913184,-0.06379535463549818,45.91663087332244,31.5855408120204,0.09573316701741602,-0.09573316701741177,nan
4.194219330855018,12.348773513314146,3.6708981843004973,0.3044388071485851,0.8667426259072311,0.059149115917196265,-0.03360910303583165,-0.494094151670285,-0.030718196666796704,46.11303358180413,31.725166269026538,0.09582748806766532,-0.0958274880676611,nan
4.21092936802974,12.387112389354291,3.613126787038426,0.3048145407104013,0.8674504879101708,0.055156798593168965,-0.031464589084227945,-0.49345451485128794,0.0005989006110705851,46.308999238763136,31.86449094939493,0.09590434901359973,-0.09590434901359549,nan
4.227639405204461,12.425545771913058,3.5554654225342226,0.3050565984456983,0.8684950802517337,0.0522624501690254,-0.029820964996232966,-0.4920321553796645,0.02931828554143815,46.50480239255245,32.003586634937164,0.0959666956075508,-0.09596669560754656,nan
4.244349442379182,12.464114530534225,3.4979299280436433,0.3052027702728074,0.8698158411098036,0.05036112612921406,-0.02865524100841985,-0.4899622808872043,0.05475959163835685,46.700625820024044,32.142519735311524,0.09601862238247334,-0.09601862238246904,nan
4.261059479553904,12.502863922372358,3.4405378216538853,0.30528137324573146,0.8713539949824666,0.04934919235157518,-0.02793393573284755,-0.48736697454466066,0.07625951010716638,46.89656569990908,32.281345765038274,0.09606482526499856,-0.09606482526499414,nan
4.2777695167286245,12.541833554294106,3.383301344270475,0.30531573436687026,0.8730397978260226,0.04906999325482801,-0.027587639705768333,-0.484388861669355,0.09340222127057082,47.09263791455772,32.420116524846605,0.09610981110383716,-0.0961098111038328,nan
4.294479553903345,12.581057744925644,3.326230466196616,0.3053219416899277,0.8748049597432276,0.04934598702108802,-0.027528544370335147,-0.48116882195172955,0.10597461648173638,47.2887972365564,32.558873745647944,0.09615652074688874,-0.09615652074688488,nan
4.311189591078067,12.62057601533619,3.2693402836935035,0.3053100556303655,0.8765864615513901,0.04999683282553948,-0.027662664251702423,-0.47784021297785956,0.11379119402727418,47.484962199039444,32.697650901490185,0.09620596409787963,-0.09620596409787609,nan
4.327899628252788,12.6604141520708,3.2126399405690202,0.30528756058199696,0.8783260921355048,0.050814797152078595,-0.027879899111075437,-0.4745353975099458,0.11700457922547934,47.68103654797519,32.8364735396018,0.09625656631922333,-0.09625656631921992,nan
4.344609665427509,12.700593132588999,3.156138852488163,0.30526030556422074,0.8799767826646362,0.05159538337846341,-0.028072434867528053,-0.4713711030449719,0.11592146874687544,47.876936726506614,32.975360318914106,0.09630491625571264,-0.09630491625570944,nan
4.361319702602231,12.741141464641387,3.0998538249385668,0.3052342833134411,0.881498621768956,0.05212939344333797,-0.028132141630061575,-0.46845628266249895,0.11087379725816639,48.072598591684994,33.11432734391233,0.09634625371963623,-0.09634625371963322,nan
4.378029739776951,12.782069427541522,3.043793786773051,0.3052163628193825,0.8828674145893656,0.05222443586300728,-0.02796297997817413,-0.46587102110543466,0.10249480619127832,48.268004280582005,33.25338401868048,0.09637684154811509,-0.09637684154811219,nan
4.394739776951673,12.823387524325407,2.9879699054430975,0.30521383663294405,0.8840695227843979,0.05170821076214873,-0.02748217099328821,-0.46367237366597547,0.09147378357431733,48.463173117487614,33.392538774983336,0.09639577491481201,-0.09639577491480893,nan
4.411449814126394,12.865118015021306,2.932402286557587,0.3052343317252299,0.8850954774567785,0.050404776004209936,-0.02660768025240335,-0.4619062520610743,0.07852928952756576,48.658152451527855,33.5317983776968,0.09640311287498783,-0.09640311287498517,nan
4.428159851301115,12.907263548942861,2.877099794896117,0.30528221598158395,0.8859520279234825,0.048201972334097315,-0.02529057861642435,-0.46057134161237007,0.06453986380801664,48.85302244997708,33.67115810200768,0.096401916303183,-0.09640191630318086,nan
4.444869888475837,12.949833755159569,2.8220756708930086,0.3053578006327647,0.8866494804809697,0.04501089821600098,-0.023492782796414025,-0.4596463933950707,0.05036163440247316,49.04786686687219,33.810610401731466,0.09639803542455802,-0.09639803542455615,nan
4.4615799256505575,12.992854486511085,2.767353914900505,0.30545562448890795,0.8871993939263015,0.0407432373856822,-0.021174899010291338,-0.45909568466283923,0.0368892215517607,49.242766761807566,33.950146656756296,0.09639878172216253,-0.09639878172216063,nan
4.478289962825278,13.03632976527436,2.7129435421902635,0.3055608643060198,0.8876248805589748,0.03540721219085641,-0.018341289859987394,-0.45883765955271105,0.024955758129198726,49.43778281276881,34.089750049187515,0.09640975038586905,-0.09640975038586709,nan
4.495,13.080275950469554,2.6588614810534454,0.30565108035823646,0.8879491594275177,0.029025963135267067,-0.015000199555202515,-0.45877966143818877,0.015327061333359905,49.632950920960866,34.22940276799972,0.09643290962247691,-0.09643290962247514,nan
